id,firstname,lastname,email,email2,profession
100,Eugine,Valoniah,Eugine.Valoniah@yopmail.com,Eugine.Valoniah@gmail.com,firefighter
101,Jany,Reneta,Jany.Reneta@yopmail.com,Jany.Reneta@gmail.com,doctor
102,Genevra,Stoller,Genevra.Stoller@yopmail.com,Genevra.Stoller@gmail.com,worker
103,Kara-Lynn,Publia,Kara-Lynn.Publia@yopmail.com,Kara-Lynn.Publia@gmail.com,worker
104,Tori,Middleton,Tori.Middleton@yopmail.com,Tori.Middleton@gmail.com,police officer